Date,Demographic_category,Census,Series_Complete,Series_Complete_Pop_Pct,First_Booster_Eligible,First_Booster_Eligible_Pop_Pct,First_Booster,First_Booster_Pop_Pct,Second_Booster_Eligible,Second_Booster_Eligible_Pop_Pct,Second_Booster,Second_Booster_Pop_Pct
05/10/2023 12:00:00 AM,Ages_65+,54792026,51708613,94.4,51488976,94,38226415,69.8,37981169,69.3,23091808,42.1
05/10/2023 12:00:00 AM,Age_unknown,,2491,,,,4,,,,0,
05/10/2023 12:00:00 AM,Ages_50-64,63659835,53363022,83.8,53154738,83.5,31044427,48.8,30806456,48.4,13652909,21.4
05/10/2023 12:00:00 AM,Ages_12-17,25304508,15639102,61.8,15563334,61.5,5156798,20.4,,,,
05/10/2023 12:00:00 AM,Ages_18-49,139763772,99255944,71,98710046,70.6,41498356,29.7,,,,
05/10/2023 12:00:00 AM,Ages_5+,312265041,229426936,73.5,228233564,73.1,118198935,37.9,,,,
05/10/2023 12:00:00 AM,Ages_5-11,28744900,9460255,32.9,9316470,32.4,2272939,7.9,,,,
05/03/2023 12:00:00 AM,Ages_65+,54792026,51693475,94.3,51449424,93.9,38202110,69.7,37937674,69.2,23043352,42.1
05/03/2023 12:00:00 AM,Ages_12-17,25304508,15635829,61.8,15554568,61.5,5150877,20.4,,,,
05/03/2023 12:00:00 AM,Ages_5+,312265041,229379482,73.5,228063063,73,118129679,37.8,,,,
05/03/2023 12:00:00 AM,Ages_5-11,28744900,9456021,32.9,9300436,32.4,2265554,7.9,,,,
05/03/2023 12:00:00 AM,Ages_18-49,139763772,99237731,71,98638077,70.6,41477197,29.7,,,,
05/03/2023 12:00:00 AM,Ages_50-64,63659835,53356426,83.8,53120558,83.4,31033941,48.7,30762889,48.3,13633160,21.4
05/03/2023 12:00:00 AM,Age_unknown,,2491,,,,3,,,,0,
04/26/2023 12:00:00 AM,Age_unknown,,2490,,,,3,,,,0,
04/26/2023 12:00:00 AM,Ages_5-11,28744900,9451988,32.9,9283890,32.3,2258639,7.9,,,,
04/26/2023 12:00:00 AM,Ages_50-64,63659835,53350197,83.8,53086588,83.4,31023561,48.7,30719263,48.3,13613497,21.4
04/26/2023 12:00:00 AM,Ages_18-49,139763772,99220239,71,98565715,70.5,41456539,29.7,,,,
04/26/2023 12:00:00 AM,Ages_12-17,25304508,15632927,61.8,15545930,61.4,5145392,20.3,,,,
04/26/2023 12:00:00 AM,Ages_65+,54792026,51681556,94.3,51407378,93.8,38183168,69.7,37897369,69.2,23002746,42
04/26/2023 12:00:00 AM,Ages_5+,312265041,229336907,73.4,227889501,73,118067299,37.8,,,,
04/19/2023 12:00:00 AM,Ages_5+,312265041,229296059,73.4,227736853,72.9,118009396,37.8,,,,
04/19/2023 12:00:00 AM,Age_unknown,,2490,,,,3,,,,0,
04/19/2023 12:00:00 AM,Ages_5-11,28744900,9447435,32.9,9269436,32.2,2251509,7.8,,,,
04/19/2023 12:00:00 AM,Ages_50-64,63659835,53343909,83.8,53057753,83.3,31013550,48.7,30677338,48.2,13594964,21.4
04/19/2023 12:00:00 AM,Ages_65+,54792026,51673588,94.3,51377122,93.8,38169519,69.7,37853577,69.1,22973224,41.9
04/19/2023 12:00:00 AM,Ages_18-49,139763772,99201490,71,98495740,70.5,41435150,29.6,,,,
04/19/2023 12:00:00 AM,Ages_12-17,25304508,15629637,61.8,15536802,61.4,5139668,20.3,,,,
04/12/2023 12:00:00 AM,Age_unknown,,2490,,,,3,,,,0,
04/12/2023 12:00:00 AM,Ages_12-17,25304508,15626550,61.8,15527493,61.4,5129614,20.3,,,,
04/12/2023 12:00:00 AM,Ages_5+,312265041,229289485,73.4,227551195,72.9,117791127,37.7,,,,
04/12/2023 12:00:00 AM,Ages_50-64,63659835,53347774,83.8,53024058,83.3,30959995,48.6,30570018,48,13558381,21.3
04/12/2023 12:00:00 AM,Ages_65+,54792026,51695428,94.3,51345680,93.7,38087179,69.5,37709546,68.8,22907286,41.8
04/12/2023 12:00:00 AM,Ages_5-11,28744900,9437706,32.8,9246604,32.2,2240540,7.8,,,,
04/12/2023 12:00:00 AM,Ages_18-49,139763772,99182027,71,98407360,70.4,41373799,29.6,,,,
04/05/2023 12:00:00 AM,Ages_50-64,63659835,53341820,83.8,52977901,83.2,30951839,48.6,30504315,47.9,13538460,21.3
04/05/2023 12:00:00 AM,Ages_5-11,28744900,9432461,32.8,9226482,32.1,2231462,7.8,,,,
04/05/2023 12:00:00 AM,Ages_12-17,25304508,15622898,61.7,15516086,61.3,5122418,20.2,,,,
04/05/2023 12:00:00 AM,Age_unknown,,2489,,,,3,,,,0,
04/05/2023 12:00:00 AM,Ages_65+,54792026,51690507,94.3,51287856,93.6,38079483,69.5,37635189,68.7,22886109,41.8
04/05/2023 12:00:00 AM,Ages_18-49,139763772,99161961,70.9,98311657,70.3,41353279,29.6,,,,
04/05/2023 12:00:00 AM,Ages_5+,312265041,229249647,73.4,227319982,72.8,117738481,37.7,,,,
03/29/2023 12:00:00 AM,Ages_50-64,63659835,53335832,83.8,52923928,83.1,30940713,48.6,30447806,47.8,13514555,21.2
03/29/2023 12:00:00 AM,Ages_12-17,25304508,15619449,61.7,15505307,61.3,5115521,20.2,,,,
03/29/2023 12:00:00 AM,Ages_5-11,28744900,9427128,32.8,9207668,32,2222225,7.7,,,,
03/29/2023 12:00:00 AM,Age_unknown,,2489,,,,2,,,,0,
03/29/2023 12:00:00 AM,Ages_18-49,139763772,99141143,70.9,98208082,70.3,41329145,29.6,,,,
03/29/2023 12:00:00 AM,Ages_5+,312265041,229209091,73.4,227058663,72.7,117676828,37.7,,,,
03/29/2023 12:00:00 AM,Ages_65+,54792026,51685539,94.3,51213678,93.5,38069224,69.5,37570222,68.6,22860231,41.7
03/22/2023 12:00:00 AM,Ages_65+,54792026,51676759,94.3,51117535,93.3,38055111,69.5,37517467,68.5,22826070,41.7
03/22/2023 12:00:00 AM,Age_unknown,,2489,,,,2,,,,0,
03/22/2023 12:00:00 AM,Ages_5+,312265041,229150717,73.4,226747770,72.6,117597287,37.7,,,,
03/22/2023 12:00:00 AM,Ages_50-64,63659835,53325939,83.8,52858758,83,30925479,48.6,30398792,47.8,13483418,21.2
03/22/2023 12:00:00 AM,Ages_5-11,28744900,9420161,32.8,9186436,32,2210806,7.7,,,,
03/22/2023 12:00:00 AM,Ages_12-17,25304508,15614819,61.7,15493103,61.2,5107184,20.2,,,,
03/22/2023 12:00:00 AM,Ages_18-49,139763772,99113039,70.9,98091938,70.2,41298707,29.5,,,,
03/15/2023 12:00:00 AM,Ages_65+,54792026,51669684,94.3,51020367,93.1,38041712,69.4,37418031,68.3,22793112,41.6
03/15/2023 12:00:00 AM,Ages_5-11,28744900,9412401,32.7,9166904,31.9,2198216,7.6,,,,
03/15/2023 12:00:00 AM,Ages_12-17,25304508,15610036,61.7,15480843,61.2,5097946,20.1,,,,
03/15/2023 12:00:00 AM,Ages_50-64,63659835,53318016,83.8,52796865,82.9,30911279,48.6,30316151,47.6,13453079,21.1
03/15/2023 12:00:00 AM,Ages_18-49,139763772,99087935,70.9,97975018,70.1,41268163,29.5,,,,
03/15/2023 12:00:00 AM,Age_unknown,,2489,,,,2,,,,0,
03/15/2023 12:00:00 AM,Ages_5+,312265041,229098072,73.4,226439997,72.5,117517316,37.6,,,,
03/08/2023 12:00:00 AM,Ages_12-17,25304508,15604368,61.7,15468101,61.1,5088502,20.1,,,,
03/08/2023 12:00:00 AM,Ages_5+,312265041,229040889,73.3,226131142,72.4,117432992,37.6,,,,
03/08/2023 12:00:00 AM,Ages_50-64,63659835,53309828,83.7,52736313,82.8,30895267,48.5,30229332,47.5,13417677,21.1
03/08/2023 12:00:00 AM,Ages_18-49,139763772,99059164,70.9,97857253,70,41236018,29.5,,,,
03/08/2023 12:00:00 AM,Ages_65+,54792026,51663242,94.3,50920419,92.9,38027329,69.4,37313246,68.1,22753682,41.5
03/08/2023 12:00:00 AM,Ages_5-11,28744900,9404287,32.7,9149056,31.8,2185876,7.6,,,,
03/08/2023 12:00:00 AM,Age_unknown,,2488,,,,2,,,,0,
03/01/2023 12:00:00 AM,Ages_65+,54792026,51655646,94.3,50822665,92.8,38013761,69.4,37184627,67.9,22715688,41.5
03/01/2023 12:00:00 AM,Ages_5+,312265041,228987227,73.3,225833400,72.3,117356793,37.6,,,,
03/01/2023 12:00:00 AM,Ages_12-17,25304508,15599943,61.6,15456010,61.1,5079644,20.1,,,,
03/01/2023 12:00:00 AM,Ages_50-64,63659835,53300959,83.7,52680234,82.8,30881163,48.5,30129375,47.3,13382953,21
03/01/2023 12:00:00 AM,Age_unknown,,2489,,,,2,,,,0,
03/01/2023 12:00:00 AM,Ages_5-11,28744900,9397570,32.7,9131180,31.8,2174689,7.6,,,,
03/01/2023 12:00:00 AM,Ages_18-49,139763772,99033109,70.9,97743311,69.9,41207536,29.5,,,,
02/22/2023 12:00:00 AM,Age_unknown,,2487,,,,2,,,,0,
02/22/2023 12:00:00 AM,Ages_12-17,25304508,15594658,61.6,15438340,61,5070277,20,,,,
02/22/2023 12:00:00 AM,Ages_5+,312265041,228918683,73.3,225416479,72.2,117262573,37.6,,,,
02/22/2023 12:00:00 AM,Ages_5-11,28744900,9390543,32.7,9099521,31.7,2162760,7.5,,,,
02/22/2023 12:00:00 AM,Ages_18-49,139763772,98999853,70.8,97579149,69.8,41170636,29.5,,,,
02/22/2023 12:00:00 AM,Ages_65+,54792026,51646729,94.3,50696036,92.5,37997721,69.3,36972551,67.5,22675898,41.4
02/22/2023 12:00:00 AM,Ages_50-64,63659835,53286900,83.7,52603433,82.6,30861179,48.5,29969528,47.1,13345540,21
02/15/2023 12:00:00 AM,Ages_50-64,63659835,53275313,83.7,52554609,82.6,30841467,48.4,29851401,46.9,13301262,20.9
02/15/2023 12:00:00 AM,Ages_18-49,139763772,98967135,70.8,97463313,69.7,41134024,29.4,,,,
02/15/2023 12:00:00 AM,Ages_65+,54792026,51636523,94.2,50613495,92.4,37979192,69.3,36800457,67.2,22626345,41.3
02/15/2023 12:00:00 AM,Ages_5+,312265041,228849624,73.3,225126875,72.1,117163783,37.5,,,,
02/15/2023 12:00:00 AM,Age_unknown,,2486,,,,2,,,,0,
02/15/2023 12:00:00 AM,Ages_12-17,25304508,15588635,61.6,15423746,61,5059804,20,,,,
02/15/2023 12:00:00 AM,Ages_5-11,28744900,9382018,32.6,9071712,31.6,2149296,7.5,,,,
02/08/2023 12:00:00 AM,Ages_12-17,25304508,15582344,61.6,15409585,60.9,5048256,20,,,,
02/08/2023 12:00:00 AM,Ages_50-64,63659835,53262243,83.7,52512659,82.5,30817592,48.4,29734645,46.7,13245256,20.8
02/08/2023 12:00:00 AM,Ages_5-11,28744900,9372473,32.6,9041414,31.5,2133974,7.4,,,,
02/08/2023 12:00:00 AM,Ages_5+,312265041,228770004,73.3,224859971,72,117044668,37.5,,,,
02/08/2023 12:00:00 AM,Ages_18-49,139763772,98928184,70.8,97351799,69.7,41088806,29.4,,,,
02/08/2023 12:00:00 AM,Ages_65+,54792026,51624760,94.2,50544514,92.2,37956040,69.3,36620906,66.8,22560651,41.2
02/08/2023 12:00:00 AM,Age_unknown,,2485,,,,2,,,,0,
02/01/2023 12:00:00 AM,Ages_5-11,28744900,9362207,32.6,9013832,31.4,2117259,7.4,,,,
02/01/2023 12:00:00 AM,Ages_65+,54792026,51608947,94.2,50522712,92.2,37931844,69.2,36447088,66.5,22495423,41.1
02/01/2023 12:00:00 AM,Ages_18-49,139763772,98889930,70.8,97295650,69.6,41047911,29.4,,,,
02/01/2023 12:00:00 AM,Age_unknown,,2485,,,,2,,,,0,
02/01/2023 12:00:00 AM,Ages_12-17,25304508,15576312,61.6,15398696,60.9,5036462,19.9,,,,
02/01/2023 12:00:00 AM,Ages_5+,312265041,228684346,73.2,224726246,72,116928972,37.4,,,,
02/01/2023 12:00:00 AM,Ages_50-64,63659835,53246950,83.6,52495356,82.5,30795496,48.4,29628065,46.5,13188180,20.7
01/25/2023 12:00:00 AM,Ages_65+,54792026,51594617,94.2,50503673,92.2,37904814,69.2,36290923,66.2,22418331,40.9
01/25/2023 12:00:00 AM,Ages_50-64,63659835,53232420,83.6,52475111,82.4,30768309,48.3,29535765,46.4,13119882,20.6
01/25/2023 12:00:00 AM,Ages_5+,312265041,228601233,73.2,224578224,71.9,116793991,37.4,,,,
01/25/2023 12:00:00 AM,Age_unknown,,2484,,,,2,,,,0,
01/25/2023 12:00:00 AM,Ages_5-11,28744900,9351750,32.5,8976557,31.2,2099347,7.3,,,,
01/25/2023 12:00:00 AM,Ages_12-17,25304508,15569570,61.5,15383353,60.8,5023206,19.9,,,,
01/25/2023 12:00:00 AM,Ages_18-49,139763772,98852876,70.7,97239530,69.6,40998315,29.3,,,,
01/18/2023 12:00:00 AM,Ages_18-49,139763772,98811708,70.7,97186517,69.5,40943077,29.3,,,,
01/18/2023 12:00:00 AM,Ages_50-64,63659835,53215492,83.6,52454296,82.4,30734621,48.3,29445977,46.3,13024693,20.5
01/18/2023 12:00:00 AM,Age_unknown,,2484,,,,0,,,,0,
01/18/2023 12:00:00 AM,Ages_5+,312265041,228508019,73.2,224428670,71.9,116634363,37.4,,,,
01/18/2023 12:00:00 AM,Ages_65+,54792026,51577077,94.1,50483278,92.1,37869867,69.1,36139179,66,22306480,40.7
01/18/2023 12:00:00 AM,Ages_12-17,25304508,15563271,61.5,15367659,60.7,5008480,19.8,,,,
01/18/2023 12:00:00 AM,Ages_5-11,28744900,9340471,32.5,8936920,31.1,2078318,7.2,,,,
01/11/2023 12:00:00 AM,Ages_5+,312265041,228378510,73.1,224263326,71.8,116439963,37.3,,,,
01/11/2023 12:00:00 AM,Ages_5-11,28744900,9327009,32.4,8894711,30.9,2051859,7.1,,,,
01/11/2023 12:00:00 AM,Ages_12-17,25304508,15555653,61.5,15350940,60.7,4989625,19.7,,,,
01/11/2023 12:00:00 AM,Ages_18-49,139763772,98756424,70.7,97131013,69.5,40880658,29.2,,,,
01/11/2023 12:00:00 AM,Ages_65+,54792026,51549923,94.1,50457129,92.1,37823213,69,36015746,65.7,22158718,40.4
01/11/2023 12:00:00 AM,Ages_50-64,63659835,53189501,83.6,52429533,82.4,30694608,48.2,29374555,46.1,12897791,20.3
01/11/2023 12:00:00 AM,Age_unknown,,2486,,,,0,,,,0,
01/04/2023 12:00:00 AM,Ages_65+,54792026,51545280,94.1,50450083,92.1,37764013,68.9,35939441,65.6,21963219,40.1
01/04/2023 12:00:00 AM,Ages_5-11,28744900,9313750,32.4,8852465,30.8,2015661,7,,,,
01/04/2023 12:00:00 AM,Age_unknown,,2486,,,,0,,,,0,
01/04/2023 12:00:00 AM,Ages_18-49,139763772,98710363,70.6,97083785,69.5,40766419,29.2,,,,
01/04/2023 12:00:00 AM,Ages_5+,312265041,228295273,73.1,224135068,71.8,116142747,37.2,,,,
01/04/2023 12:00:00 AM,Ages_50-64,63659835,53175643,83.5,52412699,82.3,30633992,48.1,29315817,46.1,12727697,20
01/04/2023 12:00:00 AM,Ages_12-17,25304508,15550237,61.5,15336036,60.6,4962662,19.6,,,,
12/28/2022 12:00:00 AM,Ages_5-11,28744900,9302990,32.4,8813304,30.7,1983844,6.9,,,,
12/28/2022 12:00:00 AM,Age_unknown,,2485,,,,0,,,,0,
12/28/2022 12:00:00 AM,Ages_18-49,139763772,98663835,70.6,97026359,69.4,40700520,29.1,,,,
12/28/2022 12:00:00 AM,Ages_5+,312265041,228190198,73.1,223954149,71.7,115943886,37.1,,,,
12/28/2022 12:00:00 AM,Ages_12-17,25304508,15543769,61.4,15319008,60.5,4939298,19.5,,,,
12/28/2022 12:00:00 AM,Ages_65+,54792026,51524820,94,50414151,92,37725769,68.9,35914583,65.5,21830681,39.8
12/28/2022 12:00:00 AM,Ages_50-64,63659835,53154784,83.5,52381327,82.3,30594455,48.1,29290713,46,12594738,19.8
12/21/2022 12:00:00 AM,Ages_18-49,139763772,98604159,70.6,96966714,69.4,40613305,29.1,,,,
12/21/2022 12:00:00 AM,Age_unknown,,2484,,,,0,,,,0,
12/21/2022 12:00:00 AM,Ages_65+,54792026,51499788,94,50362274,91.9,37675749,68.8,35878231,65.5,21652042,39.5
12/21/2022 12:00:00 AM,Ages_50-64,63659835,53130106,83.5,52338534,82.2,30543789,48,29250218,45.9,12419207,19.5
12/21/2022 12:00:00 AM,Ages_12-17,25304508,15536269,61.4,15302711,60.5,4912299,19.4,,,,
12/21/2022 12:00:00 AM,Ages_5+,312265041,228060841,73,223745105,71.7,115690451,37,,,,
12/21/2022 12:00:00 AM,Ages_5-11,28744900,9290519,32.3,8774872,30.5,1945309,6.8,,,,
12/14/2022 12:00:00 AM,Age_unknown,,2483,,,,0,,,,0,
12/14/2022 12:00:00 AM,Ages_12-17,25304508,15528345,61.4,15284810,60.4,4888968,19.3,,,,
12/14/2022 12:00:00 AM,Ages_5-11,28744900,9278140,32.3,8737714,30.4,1911194,6.6,,,,
12/14/2022 12:00:00 AM,Ages_50-64,63659835,53101604,83.4,52288200,82.1,30489356,47.9,29203481,45.9,12231574,19.2
12/14/2022 12:00:00 AM,Ages_65+,54792026,51466172,93.9,50302589,91.8,37612815,68.6,35834253,65.4,21418600,39.1
12/14/2022 12:00:00 AM,Ages_5+,312265041,227919330,73,223515857,71.6,115439472,37,,,,
12/14/2022 12:00:00 AM,Ages_18-49,139763772,98545069,70.5,96902544,69.3,40537139,29,,,,
12/07/2022 12:00:00 AM,Ages_5-11,28744900,9260433,32.2,8702228,30.3,1861703,6.5,,,,
12/07/2022 12:00:00 AM,Ages_65+,54792026,51419952,93.8,50252563,91.7,37518514,68.5,35776153,65.3,21090184,38.5
12/07/2022 12:00:00 AM,Ages_5+,312265041,227716964,72.9,223289687,71.5,115059458,36.8,,,,
12/07/2022 12:00:00 AM,Age_unknown,,2481,,,,0,,,,0,
12/07/2022 12:00:00 AM,Ages_18-49,139763772,98458633,70.4,96825890,69.3,40417604,28.9,,,,
12/07/2022 12:00:00 AM,Ages_12-17,25304508,15516877,61.3,15264703,60.3,4856143,19.2,,,,
12/07/2022 12:00:00 AM,Ages_50-64,63659835,53061069,83.4,52244303,82.1,30405494,47.8,29142150,45.8,11962485,18.8
11/30/2022 12:00:00 AM,Ages_50-64,63659835,53021873,83.3,52215921,82,30321307,47.6,29071594,45.7,11680040,18.3
11/30/2022 12:00:00 AM,Ages_12-17,25304508,15505403,61.3,15247394,60.3,4822097,19.1,,,,
11/30/2022 12:00:00 AM,Ages_18-49,139763772,98375379,70.4,96767396,69.2,40293019,28.8,,,,
11/30/2022 12:00:00 AM,Age_unknown,,2481,,,,0,,,,0,
11/30/2022 12:00:00 AM,Ages_5-11,28744900,9240747,32.1,8672216,30.2,1809651,6.3,,,,
11/30/2022 12:00:00 AM,Ages_65+,54792026,51370466,93.8,50221663,91.7,37421261,68.3,35711968,65.2,20740985,37.9
11/30/2022 12:00:00 AM,Ages_5+,312265041,227513868,72.9,223124590,71.5,114667335,36.7,,,,
11/23/2022 12:00:00 AM,Ages_5+,312265041,227556364,72.9,223087019,71.4,114112220,36.5,,,,
11/23/2022 12:00:00 AM,Ages_12-17,25304508,15499664,61.3,15229805,60.2,4774561,18.9,,,,
11/23/2022 12:00:00 AM,Ages_5-11,28744900,9216473,32.1,8625788,30,1751707,6.1,,,,
11/23/2022 12:00:00 AM,Ages_50-64,63659835,53054798,83.3,52231702,82,30202012,47.4,28931839,45.4,11396042,17.9
11/23/2022 12:00:00 AM,Ages_18-49,139763772,98378773,70.4,96761431,69.2,40066123,28.7,,,,
11/23/2022 12:00:00 AM,Age_unknown,,2256,,,,0,,,,0,
11/23/2022 12:00:00 AM,Ages_65+,54792026,51406656,93.8,50238293,91.7,37317817,68.1,35593778,65,20421140,37.3
11/16/2022 12:00:00 AM,Ages_5-11,28744900,9198100,32,8590152,29.9,1692057,5.9,,,,
11/16/2022 12:00:00 AM,Ages_18-49,139763772,98290355,70.3,96691538,69.2,39950291,28.6,,,,
11/16/2022 12:00:00 AM,Ages_5+,312265041,227349586,72.8,222878150,71.4,113733274,36.4,,,,
11/16/2022 12:00:00 AM,Ages_12-17,25304508,15487942,61.2,15208781,60.1,4738468,18.7,,,,
11/16/2022 12:00:00 AM,Ages_65+,54792026,51355759,93.7,50193341,91.6,37224579,67.9,35498875,64.8,20057208,36.6
11/16/2022 12:00:00 AM,Age_unknown,,2255,,,,0,,,,0,
11/16/2022 12:00:00 AM,Ages_50-64,63659835,53017430,83.3,52194338,82,30127879,47.3,28838884,45.3,11120802,17.5
11/09/2022 12:00:00 AM,Ages_5+,312265041,227037240,72.7,222632162,71.3,113155218,36.2,,,,
11/09/2022 12:00:00 AM,Ages_18-49,139763772,98153746,70.2,96606469,69.1,39767833,28.5,,,,
11/09/2022 12:00:00 AM,Ages_50-64,63659835,52956377,83.2,52146950,81.9,30013207,47.1,28751091,45.2,10677703,16.8
11/09/2022 12:00:00 AM,Ages_12-17,25304508,15472156,61.1,15186826,60,4686512,18.5,,,,
11/09/2022 12:00:00 AM,Ages_65+,54792026,51282106,93.6,50139270,91.5,37087325,67.7,35411870,64.6,19516152,35.6
11/09/2022 12:00:00 AM,Ages_5-11,28744900,9172855,31.9,8552647,29.8,1600341,5.6,,,,
11/09/2022 12:00:00 AM,Age_unknown,,2251,,,,0,,,,0,
11/02/2022 12:00:00 AM,Ages_5+,312265041,226652416,72.6,222354074,71.2,112349710,36,,,,
11/02/2022 12:00:00 AM,Age_unknown,,2248,,,,0,,,,0,
11/02/2022 12:00:00 AM,Ages_65+,54792026,51177597,93.4,50071056,91.4,36853452,67.3,35322255,64.5,18740401,34.2
11/02/2022 12:00:00 AM,Ages_12-17,25304508,15451057,61.1,15160593,59.9,4617430,18.2,,,,
11/02/2022 12:00:00 AM,Ages_18-49,139763772,97999760,70.1,96517771,69.1,39523217,28.3,,,,
11/02/2022 12:00:00 AM,Ages_50-64,63659835,52877769,83.1,52092606,81.8,29832035,46.9,28669909,45,10089715,15.8
11/02/2022 12:00:00 AM,Ages_5-11,28744900,9146233,31.8,8512048,29.6,1523576,5.3,,,,
10/26/2022 12:00:00 AM,Ages_5+,312265041,226240579,72.5,221954762,71.1,111720946,35.8,,,,
10/26/2022 12:00:00 AM,Ages_50-64,63659835,52800699,82.9,52019171,81.7,29690317,46.6,28561395,44.9,9664133,15.2
10/26/2022 12:00:00 AM,Ages_18-49,139763772,97830170,70,96373457,69,39332713,28.1,,,,
10/26/2022 12:00:00 AM,Age_unknown,,2247,,,,0,,,,0,
10/26/2022 12:00:00 AM,Ages_65+,54792026,51071667,93.2,49980706,91.2,36651344,66.9,35193678,64.2,18110970,33.1
10/26/2022 12:00:00 AM,Ages_12-17,25304508,15422693,60.9,15121706,59.8,4578137,18.1,,,,
10/26/2022 12:00:00 AM,Ages_5-11,28744900,9115350,31.7,8459722,29.4,1468435,5.1,,,,
10/19/2022 12:00:00 AM,Ages_5+,312265041,225935455,72.4,221623184,71,111240656,35.6,,,,
10/19/2022 12:00:00 AM,Ages_65+,54792026,50976107,93,49876663,91,36480136,66.6,35104685,64.1,17528730,32
10/19/2022 12:00:00 AM,Ages_12-17,25304508,15408975,60.9,15097937,59.7,4546951,18,,,,
10/19/2022 12:00:00 AM,Ages_5-11,28744900,9096717,31.6,8418149,29.3,1434571,5,,,,
10/19/2022 12:00:00 AM,Ages_18-49,139763772,97716504,69.9,96284735,68.9,39199675,28,,,,
10/19/2022 12:00:00 AM,Age_unknown,,2246,,,,0,,,,0,
10/19/2022 12:00:00 AM,Ages_50-64,63659835,52737152,82.8,51945700,81.6,29579323,46.5,28480109,44.7,9268108,14.6
10/12/2022 12:00:00 AM,Ages_5-11,28744900,9074774,31.6,8383392,29.2,1413478,4.9,,,,
10/12/2022 12:00:00 AM,Ages_12-17,25304508,15394329,60.8,15076043,59.6,4510305,17.8,,,,
10/12/2022 12:00:00 AM,Age_unknown,,2242,,,,0,,,,0,
10/12/2022 12:00:00 AM,Ages_50-64,63659835,52672176,82.7,51882877,81.5,29459028,46.3,28401964,44.6,8786419,13.8
10/12/2022 12:00:00 AM,Ages_18-49,139763772,97583401,69.8,96198072,68.8,39031475,27.9,,,,
10/12/2022 12:00:00 AM,Ages_5+,312265041,225593259,72.2,221312316,70.9,110709366,35.5,,,,
10/12/2022 12:00:00 AM,Ages_65+,54792026,50868579,92.8,49771932,90.8,36295080,66.2,35020003,63.9,16837064,30.7
10/05/2022 12:00:00 AM,Ages_65+,54792026,50762863,92.6,49664191,90.6,36180487,66,34963191,63.8,16362301,29.9
10/05/2022 12:00:00 AM,Ages_5+,312265041,225300811,72.2,221022410,70.8,110435032,35.4,,,,
10/05/2022 12:00:00 AM,Ages_50-64,63659835,52610657,82.6,51822672,81.4,29402863,46.2,28348485,44.5,8468125,13.3
10/05/2022 12:00:00 AM,Age_unknown,,2235,,,,0,,,,0,
10/05/2022 12:00:00 AM,Ages_5-11,28744900,9059952,31.5,8351066,29.1,1392312,4.8,,,,
10/05/2022 12:00:00 AM,Ages_18-49,139763772,97483420,69.7,96127539,68.8,38971243,27.9,,,,
10/05/2022 12:00:00 AM,Ages_12-17,25304508,15383919,60.8,15056942,59.5,4488127,17.7,,,,
09/28/2022 12:00:00 AM,Ages_50-64,63659835,52526305,82.5,51734556,81.3,29280221,46,28236019,44.4,8084496,12.7
09/28/2022 12:00:00 AM,Age_unknown,,2228,,,,0,,,,0,
09/28/2022 12:00:00 AM,Ages_5+,312265041,224764609,72,220489466,70.6,109845636,35.2,,,,
09/28/2022 12:00:00 AM,Ages_65+,54792026,50647283,92.4,49540703,90.4,35994687,65.7,34856063,63.6,15784752,28.8
09/28/2022 12:00:00 AM,Ages_12-17,25304508,15359389,60.7,15025235,59.4,4453902,17.6,,,,
09/28/2022 12:00:00 AM,Ages_18-49,139763772,97196748,69.5,95878244,68.6,38752721,27.7,,,,
09/28/2022 12:00:00 AM,Ages_5-11,28744900,9034884,31.4,8310728,28.9,1364105,4.7,,,,
09/21/2022 12:00:00 AM,Ages_5-11,28744900,9012290,31.4,8274035,28.8,1332719,4.6,,,,
09/21/2022 12:00:00 AM,Ages_12-17,25304508,15349625,60.7,15005446,59.3,4428361,17.5,,,,
09/21/2022 12:00:00 AM,Ages_18-49,139763772,97090462,69.5,95793923,68.5,38630876,27.6,,,,
09/21/2022 12:00:00 AM,Ages_50-64,63659835,52487370,82.4,51677495,81.2,29202584,45.9,28124807,44.2,7782570,12.2
09/21/2022 12:00:00 AM,Ages_65+,54792026,50576510,92.3,49425044,90.2,35859784,65.4,34726449,63.4,15335531,28
09/21/2022 12:00:00 AM,Ages_5+,312265041,224516257,71.9,220175943,70.5,109454324,35.1,,,,
09/21/2022 12:00:00 AM,Age_unknown,,2227,,,,0,,,,0,
09/14/2022 12:00:00 AM,Ages_5-11,28744900,8979864,31.2,8229731,28.6,1299726,4.5,,,,
09/14/2022 12:00:00 AM,Ages_5+,312265041,224226476,71.8,219798529,70.4,109078517,34.9,,,,
09/14/2022 12:00:00 AM,Age_unknown,,2225,,,,0,,,,0,
09/14/2022 12:00:00 AM,Ages_50-64,63659835,52440445,82.4,51606494,81.1,29125156,45.8,28002950,44,7527586,11.8
09/14/2022 12:00:00 AM,Ages_12-17,25304508,15333408,60.6,14981231,59.2,4405852,17.4,,,,
09/14/2022 12:00:00 AM,Ages_18-49,139763772,96973336,69.4,95697585,68.5,38511871,27.6,,,,
09/14/2022 12:00:00 AM,Ages_65+,54792026,50499423,92.2,49283488,89.9,35735912,65.2,34577942,63.1,14967856,27.3
09/07/2022 12:00:00 AM,Ages_5-11,28744900,8944974,31.1,8179596,28.5,1268775,4.4,,,,
09/07/2022 12:00:00 AM,Ages_12-17,25304508,15317852,60.5,14957282,59.1,4391620,17.4,,,,
09/07/2022 12:00:00 AM,Ages_65+,54792026,50452612,92.1,49113831,89.6,35661561,65.1,34433050,62.8,14785402,27
09/07/2022 12:00:00 AM,Ages_50-64,63659835,52407597,82.3,51530712,80.9,29077430,45.7,27891506,43.8,7391308,11.6
09/07/2022 12:00:00 AM,Ages_18-49,139763772,96877295,69.3,95599924,68.4,38431930,27.5,,,,
09/07/2022 12:00:00 AM,Age_unknown,,2224,,,,0,,,,0,
09/07/2022 12:00:00 AM,Ages_5+,312265041,224000330,71.7,219381345,70.3,108831316,34.9,,,,
08/31/2022 12:00:00 AM,Ages_65+,54792026,50437369,92.1,48950399,89.3,35636504,65,34278818,62.6,14698771,26.8
08/31/2022 12:00:00 AM,Age_unknown,,2224,,,,0,,,,0,
08/31/2022 12:00:00 AM,Ages_5-11,28744900,8813996,30.7,8021144,27.9,1235037,4.3,,,,
08/31/2022 12:00:00 AM,Ages_18-49,139763772,96829299,69.3,95489399,68.3,38385713,27.5,,,,
08/31/2022 12:00:00 AM,Ages_12-17,25304508,15299921,60.5,14925353,59,4376025,17.3,,,,
08/31/2022 12:00:00 AM,Ages_50-64,63659835,52390937,82.3,51453272,80.8,29051769,45.6,27772260,43.6,7325810,11.5
08/31/2022 12:00:00 AM,Ages_5+,312265041,223771522,71.7,218839567,70.1,108685048,34.8,,,,
08/24/2022 12:00:00 AM,Ages_18-49,139763772,96766915,69.2,95368736,68.2,38300348,27.4,,,,
08/24/2022 12:00:00 AM,Ages_65+,54792026,50415834,92,48912450,89.3,35594723,65,34117091,62.3,14551296,26.6
08/24/2022 12:00:00 AM,Ages_5-11,28744900,8774347,30.5,7944228,27.6,1175327,4.1,,,,
08/24/2022 12:00:00 AM,Ages_5+,312265041,223607955,71.6,218533729,70,108419320,34.7,,,,
08/24/2022 12:00:00 AM,Ages_12-17,25304508,15281885,60.4,14891347,58.8,4340960,17.2,,,,
08/24/2022 12:00:00 AM,Age_unknown,,2222,,,,0,,,,0,
08/24/2022 12:00:00 AM,Ages_50-64,63659835,52368974,82.3,51416968,80.8,29007962,45.6,27661811,43.5,7220906,11.3
08/17/2022 12:00:00 AM,Ages_50-64,63659835,52342236,82.2,51384529,80.7,28953393,45.5,27537362,43.3,7079542,11.1
08/17/2022 12:00:00 AM,Ages_18-49,139763772,96695684,69.2,95233352,68.1,38200051,27.3,,,,
08/17/2022 12:00:00 AM,Ages_5+,312265041,223418511,71.5,218215831,69.9,108096671,34.6,,,,
08/17/2022 12:00:00 AM,Ages_12-17,25304508,15260263,60.3,14851382,58.7,4298203,17,,,,
08/17/2022 12:00:00 AM,Age_unknown,,2222,,,,0,,,,0,
08/17/2022 12:00:00 AM,Ages_65+,54792026,50387953,92,48889338,89.2,35540696,64.9,33928317,61.9,14351561,26.2
08/17/2022 12:00:00 AM,Ages_5-11,28744900,8732375,30.4,7857230,27.3,1104328,3.8,,,,
08/10/2022 12:00:00 AM,Ages_18-49,139763772,96627916,69.1,95071498,68,38098193,27.3,,,,
08/10/2022 12:00:00 AM,Ages_5+,312265041,223233225,71.5,217849547,69.8,107752364,34.5,,,,
08/10/2022 12:00:00 AM,Ages_65+,54792026,50357418,91.9,48867208,89.2,35482170,64.8,33710893,61.5,14135707,25.8
08/10/2022 12:00:00 AM,Ages_5-11,28744900,8695079,30.2,7757606,27,1027831,3.6,,,,
08/10/2022 12:00:00 AM,Ages_50-64,63659835,52313259,82.2,51347527,80.7,28893335,45.4,27396733,43,6928950,10.9
08/10/2022 12:00:00 AM,Age_unknown,,2218,,,,0,,,,0,
08/10/2022 12:00:00 AM,Ages_12-17,25304508,15239553,60.2,14805708,58.5,4250835,16.8,,,,
08/03/2022 12:00:00 AM,Ages_5-11,28744900,8660279,30.1,7641858,26.6,948044,3.3,,,,
08/03/2022 12:00:00 AM,Ages_5+,312265041,222865944,71.4,217278736,69.6,107370674,34.4,,,,
08/03/2022 12:00:00 AM,Age_unknown,,2196,,,,0,,,,0,
08/03/2022 12:00:00 AM,Ages_18-49,139763772,96400390,69,94744331,67.8,37973823,27.2,,,,
08/03/2022 12:00:00 AM,Ages_50-64,63659835,52269615,82.1,51296589,80.6,28828609,45.3,27251493,42.8,6728008,10.6
08/03/2022 12:00:00 AM,Ages_12-17,25304508,15216097,60.1,14752128,58.3,4198982,16.6,,,,
08/03/2022 12:00:00 AM,Ages_65+,54792026,50319563,91.8,48843830,89.1,35421216,64.6,33483929,61.1,13840907,25.3
07/27/2022 12:00:00 AM,Ages_5-11,28744900,8713129,30.3,7658889,26.6,871626,3,,,,
07/27/2022 12:00:00 AM,Ages_5+,312265041,223117055,71.5,217458189,69.6,107803279,34.5,,,,
07/27/2022 12:00:00 AM,Ages_65+,54792026,50361456,91.9,48913209,89.3,35550859,64.9,33402246,61,13457288,24.6
07/27/2022 12:00:00 AM,Ages_50-64,63659835,52305529,82.2,51341820,80.7,28940011,45.5,27205346,42.7,6478625,10.2
07/27/2022 12:00:00 AM,Ages_12-17,25304508,15242307,60.2,14762024,58.3,4284472,16.9,,,,
07/27/2022 12:00:00 AM,Age_unknown,,2187,,,,0,,,,0,
07/27/2022 12:00:00 AM,Ages_18-49,139763772,96494634,69,94782247,67.8,38156311,27.3,,,,
07/20/2022 12:00:00 AM,Age_unknown,,2187,,,,0,,,,0,
07/20/2022 12:00:00 AM,Ages_50-64,63659835,52253852,82.1,51282155,80.6,28844182,45.3,27073683,42.5,6143461,9.7
07/20/2022 12:00:00 AM,Ages_18-49,139763772,96418712,69,94537952,67.6,38026174,27.2,,,,
07/20/2022 12:00:00 AM,Ages_5+,312265041,222866449,71.4,216858000,69.4,107348428,34.4,,,,
07/20/2022 12:00:00 AM,Ages_5-11,28744900,8672809,30.2,7469279,26,795754,2.8,,,,
07/20/2022 12:00:00 AM,Ages_65+,54792026,50299383,91.8,48880490,89.2,35452139,64.7,33302293,60.8,12951405,23.6
07/20/2022 12:00:00 AM,Ages_12-17,25304508,15221693,60.2,14688124,58,4230179,16.7,,,,
07/13/2022 12:00:00 AM,Ages_50-64,63659835,52200601,82,51210322,80.4,28745507,45.2,26931419,42.3,5794622,9.1
07/13/2022 12:00:00 AM,Ages_65+,54792026,50240887,91.7,48843812,89.1,35354551,64.5,33200963,60.6,12451941,22.7
07/13/2022 12:00:00 AM,Ages_5+,312265041,222602438,71.3,216118602,69.2,106884362,34.2,,,,
07/13/2022 12:00:00 AM,Ages_12-17,25304508,15199317,60.1,14600104,57.7,4175363,16.5,,,,
07/13/2022 12:00:00 AM,Ages_18-49,139763772,96331104,68.9,94238778,67.4,37888321,27.1,,,,
07/13/2022 12:00:00 AM,Ages_5-11,28744900,8630529,30,7225586,25.1,720620,2.5,,,,
07/13/2022 12:00:00 AM,Age_unknown,,2185,,,,0,,,,0,
07/06/2022 12:00:00 AM,Ages_50-64,63659835,52159477,81.9,51121422,80.3,28669071,45,26787907,42.1,5575245,8.8
07/06/2022 12:00:00 AM,Ages_65+,54792026,50196834,91.6,48800880,89.1,35283803,64.4,33103188,60.4,12137078,22.2
07/06/2022 12:00:00 AM,Ages_5-11,28744900,8593519,29.9,6900301,24,654215,2.3,,,,
07/06/2022 12:00:00 AM,Ages_5+,312265041,222376296,71.2,215196051,68.9,106496734,34.1,,,,
07/06/2022 12:00:00 AM,Ages_12-17,25304508,15178226,60,14492898,57.3,4127917,16.3,,,,
07/06/2022 12:00:00 AM,Ages_18-49,139763772,96248240,68.9,93880550,67.2,37761728,27,,,,
07/06/2022 12:00:00 AM,Age_unknown,,2184,,,,0,,,,0,
06/29/2022 12:00:00 AM,Ages_65+,54792026,50161805,91.5,48753854,89,35225333,64.3,32989550,60.2,11865708,21.7
06/29/2022 12:00:00 AM,Age_unknown,,2184,,,,92,,,,0,
06/29/2022 12:00:00 AM,Ages_5-11,28744900,8563758,29.8,6471653,22.5,626838,2.2,,,,
06/29/2022 12:00:00 AM,Ages_12-17,25304508,15159320,59.9,14359233,56.7,4152095,16.4,,,,
06/29/2022 12:00:00 AM,Ages_18-49,139763772,96182484,68.8,93476525,66.9,37660878,26.9,,,,
06/29/2022 12:00:00 AM,Ages_5+,312265041,222194717,71.2,214078130,68.6,106274771,34,,,,
06/29/2022 12:00:00 AM,Ages_50-64,63659835,52127350,81.9,51016865,80.1,28609627,44.9,26620546,41.8,5389833,8.5
06/22/2022 12:00:00 AM,Ages_5+,312265041,222050422,71.1,212670493,68.1,105058432,33.6,,,,
06/22/2022 12:00:00 AM,Ages_50-64,63659835,52104033,81.8,50945769,80,28384410,44.6,26306002,41.3,5124662,8.1
06/22/2022 12:00:00 AM,Ages_65+,54792026,50093805,91.4,48708479,88.9,35066892,64,32805960,59.9,11467561,20.9
06/22/2022 12:00:00 AM,Ages_18-49,139763772,96197613,68.8,93234945,66.7,37038497,26.5,,,,
06/22/2022 12:00:00 AM,Age_unknown,,2189,,,,91,,,,0,
06/22/2022 12:00:00 AM,Ages_5-11,28744900,8515333,29.6,5536911,19.3,497632,1.7,,,,
06/22/2022 12:00:00 AM,Ages_12-17,25304508,15139638,59.8,14244389,56.3,4071001,16.1,,,,
